id,name,email,age,department_id
1,User_1,user1@example.com,36.0,12
2,User_2,user2@example.com,55.0,17
3,User_3,user3@example.com,,9
4,User_4,user4@example.com,,16
5,User_5,user5@example.com,48.0,17
6,User_6,user6@example.com,,17
7,User_7,user7@example.com,,12
8,User_8,user8@example.com,53.0,14
9,User_9,user9@example.com,,7
10,User_10,user10@example.com,,18
11,User_11,user11@example.com,46.0,17
12,User_12,user12@example.com,,20
13,User_13,user13@example.com,,8
14,User_14,user14@example.com,,1
15,User_15,user15@example.com,,13
16,User_16,user16@example.com,,17
17,User_17,user17@example.com,,1
18,User_18,user18@example.com,,14
19,User_19,user19@example.com,,13
20,User_20,user20@example.com,44.0,5
21,User_21,user21@example.com,,10
22,User_22,user22@example.com,,5
23,User_23,user23@example.com,,6
24,User_24,user24@example.com,52.0,12
25,User_25,user25@example.com,59.0,5
26,User_26,user26@example.com,,16
27,User_27,user27@example.com,28.0,2
28,User_28,user28@example.com,41.0,14
29,User_29,user29@example.com,,17
30,User_30,user30@example.com,,1
31,User_31,user31@example.com,,19
32,User_32,user32@example.com,35.0,17
33,User_33,user33@example.com,54.0,9
34,User_34,user34@example.com,59.0,2
35,User_35,user35@example.com,,19
36,User_36,user36@example.com,33.0,1
37,User_37,user37@example.com,34.0,15
38,User_38,user38@example.com,,11
39,User_39,user39@example.com,,16
40,User_40,user40@example.com,,17
41,User_41,user41@example.com,42.0,4
42,User_42,user42@example.com,,16
43,User_43,user43@example.com,50.0,12
44,User_44,user44@example.com,60.0,9
45,User_45,user45@example.com,26.0,19
46,User_46,user46@example.com,,10
47,User_47,user47@example.com,26.0,1
48,User_48,user48@example.com,39.0,4
49,User_49,user49@example.com,,1
50,User_50,user50@example.com,29.0,1
51,User_51,user51@example.com,21.0,2
52,User_52,user52@example.com,,5
53,User_53,user53@example.com,46.0,7
54,User_54,user54@example.com,30.0,18
55,User_55,user55@example.com,,11
56,User_56,user56@example.com,47.0,4
57,User_57,user57@example.com,34.0,19
58,User_58,user58@example.com,30.0,16
59,User_59,user59@example.com,,16
60,User_60,user60@example.com,,2
61,User_61,user61@example.com,56.0,19
62,User_62,user62@example.com,,14
63,User_63,user63@example.com,28.0,18
64,User_64,user64@example.com,,18
65,User_65,user65@example.com,,7
66,User_66,user66@example.com,,20
67,User_67,user67@example.com,45.0,7
68,User_68,user68@example.com,42.0,3
69,User_69,user69@example.com,,7
70,User_70,user70@example.com,,18
71,User_71,user71@example.com,52.0,17
72,User_72,user72@example.com,36.0,17
73,User_73,user73@example.com,,9
74,User_74,user74@example.com,39.0,14
75,User_75,user75@example.com,32.0,7
76,User_76,user76@example.com,34.0,8
77,User_77,user77@example.com,21.0,13
78,User_78,user78@example.com,,9
79,User_79,user79@example.com,,11
80,User_80,user80@example.com,41.0,7
81,User_81,user81@example.com,29.0,17
82,User_82,user82@example.com,33.0,14
83,User_83,user83@example.com,27.0,4
84,User_84,user84@example.com,,18
85,User_85,user85@example.com,23.0,3
86,User_86,user86@example.com,,14
87,User_87,user87@example.com,,3
88,User_88,user88@example.com,58.0,13
89,User_89,user89@example.com,,15
90,User_90,user90@example.com,,20
91,User_91,user91@example.com,59.0,19
92,User_92,user92@example.com,,1
93,User_93,user93@example.com,38.0,18
94,User_94,user94@example.com,,11
95,User_95,user95@example.com,22.0,3
96,User_96,user96@example.com,44.0,14
97,User_97,user97@example.com,,10
98,User_98,user98@example.com,,14
99,User_99,user99@example.com,54.0,17
100,User_100,user100@example.com,47.0,18
101,User_101,user101@example.com,,13
102,User_102,user102@example.com,,8
103,User_103,user103@example.com,37.0,17
104,User_104,user104@example.com,32.0,3
105,User_105,user105@example.com,,18
106,User_106,user106@example.com,,15
107,User_107,user107@example.com,22.0,8
108,User_108,user108@example.com,31.0,17
109,User_109,user109@example.com,58.0,11
110,User_110,user110@example.com,,9
111,User_111,user111@example.com,43.0,20
112,User_112,user112@example.com,,7
113,User_113,user113@example.com,,7
114,User_114,user114@example.com,,10
115,User_115,user115@example.com,,4
116,User_116,user116@example.com,,18
117,User_117,user117@example.com,42.0,3
118,User_118,user118@example.com,57.0,15
119,User_119,user119@example.com,20.0,17
120,User_120,user120@example.com,,3
121,User_121,user121@example.com,44.0,5
122,User_122,user122@example.com,,4
123,User_123,user123@example.com,,5
124,User_124,user124@example.com,,6
125,User_125,user125@example.com,49.0,14
126,User_126,user126@example.com,53.0,20
127,User_127,user127@example.com,,2
128,User_128,user128@example.com,,1
129,User_129,user129@example.com,,9
130,User_130,user130@example.com,,7
131,User_131,user131@example.com,55.0,6
132,User_132,user132@example.com,,20
133,User_133,user133@example.com,58.0,13
134,User_134,user134@example.com,46.0,16
135,User_135,user135@example.com,,10
136,User_136,user136@example.com,,18
137,User_137,user137@example.com,,2
138,User_138,user138@example.com,26.0,2
139,User_139,user139@example.com,,6
140,User_140,user140@example.com,39.0,14
141,User_141,user141@example.com,,20
142,User_142,user142@example.com,42.0,4
143,User_143,user143@example.com,,1
144,User_144,user144@example.com,58.0,12
145,User_145,user145@example.com,55.0,1
146,User_146,user146@example.com,,15
147,User_147,user147@example.com,,8
148,User_148,user148@example.com,,20
149,User_149,user149@example.com,,14
150,User_150,user150@example.com,,20
151,User_151,user151@example.com,43.0,17
152,User_152,user152@example.com,37.0,1
153,User_153,user153@example.com,24.0,9
154,User_154,user154@example.com,,5
155,User_155,user155@example.com,,2
156,User_156,user156@example.com,26.0,19
157,User_157,user157@example.com,,6
158,User_158,user158@example.com,31.0,15
159,User_159,user159@example.com,,20
160,User_160,user160@example.com,25.0,11
161,User_161,user161@example.com,47.0,19
162,User_162,user162@example.com,,6
163,User_163,user163@example.com,42.0,18
164,User_164,user164@example.com,,9
165,User_165,user165@example.com,,1
166,User_166,user166@example.com,,20
167,User_167,user167@example.com,,5
168,User_168,user168@example.com,32.0,7
169,User_169,user169@example.com,,11
170,User_170,user170@example.com,23.0,5
171,User_171,user171@example.com,,19
172,User_172,user172@example.com,,3
173,User_173,user173@example.com,,13
174,User_174,user174@example.com,60.0,10
175,User_175,user175@example.com,58.0,18
176,User_176,user176@example.com,44.0,18
177,User_177,user177@example.com,29.0,14
178,User_178,user178@example.com,,10
179,User_179,user179@example.com,51.0,16
180,User_180,user180@example.com,48.0,13
181,User_181,user181@example.com,,10
182,User_182,user182@example.com,57.0,14
183,User_183,user183@example.com,,5
184,User_184,user184@example.com,56.0,15
185,User_185,user185@example.com,,11
186,User_186,user186@example.com,,10
187,User_187,user187@example.com,,19
188,User_188,user188@example.com,,9
189,User_189,user189@example.com,,18
190,User_190,user190@example.com,,8
191,User_191,user191@example.com,46.0,12
192,User_192,user192@example.com,34.0,13
193,User_193,user193@example.com,,11
194,User_194,user194@example.com,,2
195,User_195,user195@example.com,,18
196,User_196,user196@example.com,,9
197,User_197,user197@example.com,,19
198,User_198,user198@example.com,50.0,13
199,User_199,user199@example.com,,8
200,User_200,user200@example.com,44.0,18
201,User_201,user201@example.com,41.0,2
202,User_202,user202@example.com,,9
203,User_203,user203@example.com,50.0,16
204,User_204,user204@example.com,,20
205,User_205,user205@example.com,59.0,8
206,User_206,user206@example.com,26.0,17
207,User_207,user207@example.com,33.0,1
208,User_208,user208@example.com,29.0,2
209,User_209,user209@example.com,39.0,12
210,User_210,user210@example.com,55.0,17
211,User_211,user211@example.com,21.0,17
212,User_212,user212@example.com,,14
213,User_213,user213@example.com,20.0,3
214,User_214,user214@example.com,,9
215,User_215,user215@example.com,26.0,12
216,User_216,user216@example.com,,15
217,User_217,user217@example.com,,18
218,User_218,user218@example.com,,7
219,User_219,user219@example.com,,1
220,User_220,user220@example.com,51.0,5
221,User_221,user221@example.com,46.0,17
222,User_222,user222@example.com,21.0,15
223,User_223,user223@example.com,,1
224,User_224,user224@example.com,30.0,20
225,User_225,user225@example.com,46.0,20
226,User_226,user226@example.com,,2
227,User_227,user227@example.com,43.0,9
228,User_228,user228@example.com,49.0,12
229,User_229,user229@example.com,,8
230,User_230,user230@example.com,,12
231,User_231,user231@example.com,27.0,7
232,User_232,user232@example.com,58.0,10
233,User_233,user233@example.com,,5
234,User_234,user234@example.com,41.0,13
235,User_235,user235@example.com,,1
236,User_236,user236@example.com,,4
237,User_237,user237@example.com,45.0,2
238,User_238,user238@example.com,49.0,20
239,User_239,user239@example.com,25.0,10
240,User_240,user240@example.com,,13
241,User_241,user241@example.com,59.0,13
242,User_242,user242@example.com,,10
243,User_243,user243@example.com,,3
244,User_244,user244@example.com,53.0,9
245,User_245,user245@example.com,,8
246,User_246,user246@example.com,37.0,8
247,User_247,user247@example.com,60.0,15
248,User_248,user248@example.com,50.0,7
249,User_249,user249@example.com,,8
250,User_250,user250@example.com,23.0,1
251,User_251,user251@example.com,32.0,18
252,User_252,user252@example.com,,13
253,User_253,user253@example.com,30.0,20
254,User_254,user254@example.com,31.0,5
255,User_255,user255@example.com,,3
256,User_256,user256@example.com,60.0,20
257,User_257,user257@example.com,,18
258,User_258,user258@example.com,,13
259,User_259,user259@example.com,,10
260,User_260,user260@example.com,47.0,9
261,User_261,user261@example.com,26.0,13
262,User_262,user262@example.com,,15
263,User_263,user263@example.com,33.0,7
264,User_264,user264@example.com,,3
265,User_265,user265@example.com,55.0,13
266,User_266,user266@example.com,43.0,10
267,User_267,user267@example.com,,6
268,User_268,user268@example.com,,9
269,User_269,user269@example.com,22.0,1
270,User_270,user270@example.com,,5
271,User_271,user271@example.com,,17
272,User_272,user272@example.com,,19
273,User_273,user273@example.com,37.0,15
274,User_274,user274@example.com,,20
275,User_275,user275@example.com,,10
276,User_276,user276@example.com,,4
277,User_277,user277@example.com,24.0,10
278,User_278,user278@example.com,38.0,4
279,User_279,user279@example.com,,6
280,User_280,user280@example.com,38.0,7
281,User_281,user281@example.com,,7
282,User_282,user282@example.com,39.0,1
283,User_283,user283@example.com,49.0,9
284,User_284,user284@example.com,,17
285,User_285,user285@example.com,27.0,16
286,User_286,user286@example.com,,12
287,User_287,user287@example.com,,11
288,User_288,user288@example.com,,7
289,User_289,user289@example.com,,18
290,User_290,user290@example.com,,13
291,User_291,user291@example.com,,19
292,User_292,user292@example.com,,6
293,User_293,user293@example.com,49.0,8
294,User_294,user294@example.com,,11
295,User_295,user295@example.com,,17
296,User_296,user296@example.com,59.0,5
297,User_297,user297@example.com,44.0,3
298,User_298,user298@example.com,43.0,19
299,User_299,user299@example.com,20.0,3
300,User_300,user300@example.com,37.0,9
301,User_301,user301@example.com,,2
302,User_302,user302@example.com,,20
303,User_303,user303@example.com,34.0,7
304,User_304,user304@example.com,42.0,17
305,User_305,user305@example.com,,18
306,User_306,user306@example.com,31.0,12
307,User_307,user307@example.com,32.0,12
308,User_308,user308@example.com,,8
309,User_309,user309@example.com,35.0,5
310,User_310,user310@example.com,24.0,5
311,User_311,user311@example.com,,13
312,User_312,user312@example.com,56.0,1
313,User_313,user313@example.com,,19
314,User_314,user314@example.com,38.0,12
315,User_315,user315@example.com,,15
316,User_316,user316@example.com,31.0,17
317,User_317,user317@example.com,,15
318,User_318,user318@example.com,,7
319,User_319,user319@example.com,23.0,16
320,User_320,user320@example.com,55.0,2
321,User_321,user321@example.com,32.0,20
322,User_322,user322@example.com,20.0,9
323,User_323,user323@example.com,,16
324,User_324,user324@example.com,50.0,4
325,User_325,user325@example.com,33.0,2
326,User_326,user326@example.com,,13
327,User_327,user327@example.com,,15
328,User_328,user328@example.com,29.0,4
329,User_329,user329@example.com,45.0,19
330,User_330,user330@example.com,50.0,1
331,User_331,user331@example.com,,7
332,User_332,user332@example.com,,7
333,User_333,user333@example.com,26.0,6
334,User_334,user334@example.com,23.0,13
335,User_335,user335@example.com,,18
336,User_336,user336@example.com,34.0,7
337,User_337,user337@example.com,31.0,19
338,User_338,user338@example.com,,19
339,User_339,user339@example.com,26.0,7
340,User_340,user340@example.com,57.0,3
341,User_341,user341@example.com,50.0,16
342,User_342,user342@example.com,,15
343,User_343,user343@example.com,36.0,4
344,User_344,user344@example.com,36.0,10
345,User_345,user345@example.com,37.0,2
346,User_346,user346@example.com,,15
347,User_347,user347@example.com,36.0,19
348,User_348,user348@example.com,60.0,5
349,User_349,user349@example.com,,5
350,User_350,user350@example.com,,5
351,User_351,user351@example.com,37.0,5
352,User_352,user352@example.com,22.0,12
353,User_353,user353@example.com,53.0,15
354,User_354,user354@example.com,,9
355,User_355,user355@example.com,42.0,3
356,User_356,user356@example.com,,12
357,User_357,user357@example.com,23.0,16
358,User_358,user358@example.com,60.0,1
359,User_359,user359@example.com,29.0,1
360,User_360,user360@example.com,,15
361,User_361,user361@example.com,,19
362,User_362,user362@example.com,,5
363,User_363,user363@example.com,47.0,5
364,User_364,user364@example.com,42.0,20
365,User_365,user365@example.com,,12
366,User_366,user366@example.com,,10
367,User_367,user367@example.com,,17
368,User_368,user368@example.com,,2
369,User_369,user369@example.com,24.0,12
370,User_370,user370@example.com,,16
371,User_371,user371@example.com,47.0,4
372,User_372,user372@example.com,,13
373,User_373,user373@example.com,28.0,13
374,User_374,user374@example.com,20.0,7
375,User_375,user375@example.com,,3
376,User_376,user376@example.com,35.0,17
377,User_377,user377@example.com,,8
378,User_378,user378@example.com,,3
379,User_379,user379@example.com,39.0,15
380,User_380,user380@example.com,28.0,3
381,User_381,user381@example.com,47.0,19
382,User_382,user382@example.com,,3
383,User_383,user383@example.com,37.0,19
384,User_384,user384@example.com,,19
385,User_385,user385@example.com,,18
386,User_386,user386@example.com,56.0,7
387,User_387,user387@example.com,,14
388,User_388,user388@example.com,28.0,16
389,User_389,user389@example.com,,4
390,User_390,user390@example.com,28.0,19
391,User_391,user391@example.com,31.0,14
392,User_392,user392@example.com,,2
393,User_393,user393@example.com,,14
394,User_394,user394@example.com,41.0,10
395,User_395,user395@example.com,35.0,19
396,User_396,user396@example.com,,15
397,User_397,user397@example.com,35.0,13
398,User_398,user398@example.com,53.0,11
399,User_399,user399@example.com,50.0,4
400,User_400,user400@example.com,36.0,13
401,User_401,user401@example.com,26.0,13
402,User_402,user402@example.com,41.0,18
403,User_403,user403@example.com,,16
404,User_404,user404@example.com,,20
405,User_405,user405@example.com,,2
406,User_406,user406@example.com,31.0,20
407,User_407,user407@example.com,37.0,5
408,User_408,user408@example.com,,11
409,User_409,user409@example.com,,13
410,User_410,user410@example.com,,9
411,User_411,user411@example.com,46.0,2
412,User_412,user412@example.com,,17
413,User_413,user413@example.com,,5
414,User_414,user414@example.com,,15
415,User_415,user415@example.com,58.0,7
416,User_416,user416@example.com,,18
417,User_417,user417@example.com,,9
418,User_418,user418@example.com,40.0,13
419,User_419,user419@example.com,,13
420,User_420,user420@example.com,46.0,5
421,User_421,user421@example.com,,14
422,User_422,user422@example.com,43.0,6
423,User_423,user423@example.com,50.0,16
424,User_424,user424@example.com,34.0,11
425,User_425,user425@example.com,,10
426,User_426,user426@example.com,25.0,1
427,User_427,user427@example.com,53.0,4
428,User_428,user428@example.com,,8
429,User_429,user429@example.com,42.0,3
430,User_430,user430@example.com,,15
431,User_431,user431@example.com,,14
432,User_432,user432@example.com,,17
433,User_433,user433@example.com,,7
434,User_434,user434@example.com,38.0,10
435,User_435,user435@example.com,,2
436,User_436,user436@example.com,54.0,16
437,User_437,user437@example.com,,16
438,User_438,user438@example.com,,14
439,User_439,user439@example.com,50.0,14
440,User_440,user440@example.com,,6
441,User_441,user441@example.com,,11
442,User_442,user442@example.com,,19
443,User_443,user443@example.com,,13
444,User_444,user444@example.com,22.0,15
445,User_445,user445@example.com,51.0,19
446,User_446,user446@example.com,21.0,13
447,User_447,user447@example.com,58.0,12
448,User_448,user448@example.com,31.0,9
449,User_449,user449@example.com,49.0,6
450,User_450,user450@example.com,,10
451,User_451,user451@example.com,,9
452,User_452,user452@example.com,34.0,14
453,User_453,user453@example.com,,3
454,User_454,user454@example.com,,18
455,User_455,user455@example.com,23.0,19
456,User_456,user456@example.com,30.0,16
457,User_457,user457@example.com,40.0,18
458,User_458,user458@example.com,,9
459,User_459,user459@example.com,48.0,17
460,User_460,user460@example.com,,12
461,User_461,user461@example.com,39.0,12
462,User_462,user462@example.com,29.0,15
463,User_463,user463@example.com,48.0,4
464,User_464,user464@example.com,49.0,11
465,User_465,user465@example.com,,8
466,User_466,user466@example.com,54.0,6
467,User_467,user467@example.com,54.0,19
468,User_468,user468@example.com,57.0,15
469,User_469,user469@example.com,,3
470,User_470,user470@example.com,56.0,6
471,User_471,user471@example.com,,13
472,User_472,user472@example.com,,17
473,User_473,user473@example.com,33.0,7
474,User_474,user474@example.com,32.0,14
475,User_475,user475@example.com,,18
476,User_476,user476@example.com,,4
477,User_477,user477@example.com,25.0,17
478,User_478,user478@example.com,,19
479,User_479,user479@example.com,,14
480,User_480,user480@example.com,,6
481,User_481,user481@example.com,,3
482,User_482,user482@example.com,32.0,7
483,User_483,user483@example.com,,11
484,User_484,user484@example.com,24.0,16
485,User_485,user485@example.com,,15
486,User_486,user486@example.com,,18
487,User_487,user487@example.com,,12
488,User_488,user488@example.com,,17
489,User_489,user489@example.com,,18
490,User_490,user490@example.com,51.0,2
491,User_491,user491@example.com,,2
492,User_492,user492@example.com,20.0,6
493,User_493,user493@example.com,38.0,4
494,User_494,user494@example.com,,16
495,User_495,user495@example.com,,12
496,User_496,user496@example.com,22.0,7
497,User_497,user497@example.com,,11
498,User_498,user498@example.com,22.0,12
499,User_499,user499@example.com,,9
500,User_500,user500@example.com,,12
